{
  "wine_type": "white",
  "mse": 0.3482283673469388,
  "mae": 0.41953061224489796,
  "r2": 0.5503674032406387
}