{
  "wine_type": "red",
  "mse": 0.3006603124999999,
  "mae": 0.4219687499999999,
  "r2": 0.5399271357910311
}